frame,id_tracking_easy,tipo_objeto_easy,confianza_easy,x1,y1,x2,y2,texto_matricula_easy,id_tracking_tess,tipo_objeto_tess,confianza_tess,texto_matricula_tess,similitud
97,,matricula,0.27790567278862,1439,332,1512,379,,,matricula,0.27790567278862,,1.0
157,,matricula,0.2852821946144104,1371,326,1485,367,,,matricula,0.2852821946144104,,1.0
647,,matricula,0.4399299025535583,1706,411,1778,437,,,matricula,0.4399299025535583,,1.0
776,,matricula,0.4314414858818054,855,396,941,435,207GC,,matricula,0.4314414858818054,,0.0
777,,matricula,0.529198169708252,834,401,924,434,Zom53713 Lxc,,matricula,0.529198169708252,,0.0
779,,matricula,0.3766823410987854,814,405,908,439,5453713KKC,,matricula,0.3766823410987854,,0.0
780,,matricula,0.3391956984996795,805,410,900,446,53713 LKC,,matricula,0.3391956984996795,,0.0
781,,matricula,0.4242899119853973,789,421,887,451,@E7BEC,,matricula,0.4242899119853973,,0.0
782,,matricula,0.697378933429718,783,424,882,454,12713 LKc,,matricula,0.697378933429718,,0.0
783,,matricula,0.6259549260139465,764,421,858,458,3713 LKc,,matricula,0.6259549260139465,,0.0
784,,matricula,0.6142296195030212,745,425,845,463,53713KKC,,matricula,0.6142296195030212,,0.0
785,,matricula,0.7257311940193176,727,430,828,472,2l2712 KKc,,matricula,0.7257311940193176,,0.0
786,,matricula,0.7366428375244141,712,433,809,474,JzZ2GKC,,matricula,0.7366428375244141,,0.0
787,,matricula,0.7334033250808716,682,435,797,477,507Ec,,matricula,0.7334033250808716,,0.0
788,,matricula,0.7312796115875244,668,443,780,481,27ED,,matricula,0.7312796115875244,,0.0
788,,matricula,0.4564172327518463,664,432,792,485,5245,,matricula,0.4564172327518463,,0.0
789,,matricula,0.6203669309616089,651,451,755,488,@271DC,,matricula,0.6203669309616089,,0.0
789,,matricula,0.3916281461715698,643,441,768,492,,,matricula,0.3916281461715698,,1.0
790,,matricula,0.7334624528884888,621,455,738,494,a37i2zE,,matricula,0.7334624528884888,,0.2
791,,matricula,0.7565096020698547,597,457,714,500,13722,,matricula,0.7565096020698547,,0.0
792,,matricula,0.8017083406448364,567,469,697,508,@7G5e,,matricula,0.8017083406448364,,0.0
793,,matricula,0.6717311143875122,535,476,664,515,02722,,matricula,0.6717311143875122,,0.0
794,,matricula,0.7354639172554016,505,478,632,525,i272252,,matricula,0.7354639172554016,,0.0
795,,matricula,0.7043639421463013,466,488,604,536,122E,,matricula,0.7043639421463013,,0.0
796,,matricula,0.7423223257064819,430,501,562,548,1275,,matricula,0.7423223257064819,,0.0
797,,matricula,0.6684743762016296,377,509,531,560,,,matricula,0.6684743762016296,,1.0
798,,matricula,0.6008298993110657,334,522,480,574,@2222,,matricula,0.6008298993110657,,0.0
799,,matricula,0.6950078010559082,270,532,435,592,922,,matricula,0.6950078010559082,,0.0
800,,matricula,0.6301155090332031,194,554,376,607,,,matricula,0.6301155090332031,,1.0
801,,matricula,0.6481730341911316,122,568,304,628,,,matricula,0.6481730341911316,,1.0
802,,matricula,0.5768716335296631,51,587,231,654,,,matricula,0.5768716335296631,,1.0
905,,matricula,0.3514321446418762,1482,455,1551,486,,,matricula,0.3514321446418762,,1.0
909,,matricula,0.5370959043502808,1558,482,1635,511,,,matricula,0.5370959043502808,,1.0
910,,matricula,0.4303930401802063,1586,489,1658,518,,,matricula,0.4303930401802063,,1.0
912,,matricula,0.5594766736030579,1644,505,1719,537,,,matricula,0.5594766736030579,,1.0
913,,matricula,0.4834454953670501,1679,517,1756,551,,,matricula,0.4834454953670501,,1.0
914,,matricula,0.5217520594596863,1710,523,1794,561,,,matricula,0.5217520594596863,,1.0
915,,matricula,0.5588762760162354,1747,538,1840,573,,,matricula,0.5588762760162354,,1.0
916,,matricula,0.5513058304786682,1789,550,1886,591,,,matricula,0.5513058304786682,,1.0
991,,matricula,0.3437305688858032,1818,442,1906,490,,,matricula,0.3437305688858032,,1.0
991,,matricula,0.2674952447414398,1814,437,1908,506,,,matricula,0.2674952447414398,,1.0
1041,,matricula,0.6586551070213318,878,407,957,437,"Y=2E3""CG",,matricula,0.6586551070213318,,0.0
1042,,matricula,0.5712444186210632,861,409,941,438,202TZICG,,matricula,0.5712444186210632,,0.0
1043,,matricula,0.6395555734634399,859,410,928,440,LEETD,,matricula,0.6395555734634399,,0.0
1043,,matricula,0.3487298190593719,836,408,933,443,,,matricula,0.3487298190593719,,1.0
1044,,matricula,0.7864702343940735,836,416,917,445,E6Tycs,,matricula,0.7864702343940735,,0.0
1045,,matricula,0.6880989074707031,816,420,908,452,[2TZVCGfl,,matricula,0.6880989074707031,,0.0
1046,,matricula,0.7872384190559387,794,425,887,457,42EVG,,matricula,0.7872384190559387,,0.0
1047,,matricula,0.5522994995117188,782,431,874,463,=522WT,,matricula,0.5522994995117188,,0.0
1048,,matricula,0.5712097883224487,760,434,859,473,2212WG,,matricula,0.5712097883224487,,0.0
1049,,matricula,0.7326643466949463,735,436,836,474,42,,matricula,0.7326643466949463,,0.0
1050,,matricula,0.8014457821846008,715,442,815,480,4522225,,matricula,0.8014457821846008,,0.0
1051,,matricula,0.8253663182258606,690,449,792,490,221,,matricula,0.8253663182258606,,0.0
1052,,matricula,0.7798044681549072,662,456,765,496,1292825,,matricula,0.7798044681549072,,0.0
1053,,matricula,0.8212127685546875,634,460,742,503,222,,matricula,0.8212127685546875,,0.0
1054,,matricula,0.6623651385307312,598,474,718,518,253,,matricula,0.6623651385307312,,0.0
1055,,matricula,0.5386376976966858,560,477,681,523,4,,matricula,0.5386376976966858,,0.0
1056,,matricula,0.5299006104469299,512,486,647,539,222*22,,matricula,0.5299006104469299,,0.0
1057,,matricula,0.6150637865066528,468,499,603,547,,,matricula,0.6150637865066528,,1.0
1058,,matricula,0.5445932745933533,414,515,556,563,,,matricula,0.5445932745933533,,1.0
1059,,matricula,0.5953565835952759,356,522,510,586,032215,,matricula,0.5953565835952759,,0.0
1060,,matricula,0.6095399260520935,277,547,454,602,2329,,matricula,0.6095399260520935,,0.0
1061,,matricula,0.5775805115699768,206,562,387,624,,,matricula,0.5775805115699768,,1.0
1062,,matricula,0.6446916460990906,112,588,301,652,,,matricula,0.6446916460990906,,1.0
1063,,matricula,0.501826286315918,11,612,203,691,,,matricula,0.501826286315918,,1.0
1064,,matricula,0.3175810575485229,0,650,87,724,,,matricula,0.3175810575485229,,1.0
1240,,matricula,0.2670970261096954,1862,436,1920,502,,,matricula,0.2670970261096954,S,0.0
1241,,matricula,0.2632641792297363,1831,436,1914,504,,,matricula,0.2632641792297363,,1.0
1245,,matricula,0.2532209753990173,1751,427,1823,468,242,,matricula,0.2532209753990173,,0.0
1248,,matricula,0.4135761559009552,1701,420,1759,457,,,matricula,0.4135761559009552,,1.0
1287,,matricula,0.2709431946277618,939,386,1066,426,05713 4,,matricula,0.2709431946277618,,0.0
1287,,matricula,0.2567587196826935,946,390,1014,424,,,matricula,0.2567587196826935,,1.0
1288,,matricula,0.4828822910785675,919,392,990,426,26713 F,,matricula,0.4828822910785675,,0.0
1292,,matricula,0.4716217517852783,879,398,956,435,6713,,matricula,0.4716217517852783,,0.0
1294,,matricula,0.5440894365310669,856,408,924,438,5713,,matricula,0.5440894365310669,,0.0
1294,,matricula,0.3836604654788971,849,405,933,443,,,matricula,0.3836604654788971,,1.0
1295,,matricula,0.7305127382278442,829,407,916,444,5713,,matricula,0.7305127382278442,,0.0
1295,,matricula,0.588632345199585,828,406,999,451,,,matricula,0.588632345199585,,1.0
1295,,matricula,0.367377758026123,832,410,947,454,,,matricula,0.367377758026123,,1.0
1296,,matricula,0.4120451211929321,818,413,901,453,{20722,,matricula,0.4120451211929321,,0.0
1298,,matricula,0.4817395508289337,786,419,873,458,2arE?,,matricula,0.4817395508289337,,0.25
1299,,matricula,0.4718721508979797,757,424,852,469,16712,,matricula,0.4718721508979797,,0.0
1300,,matricula,0.631615161895752,728,431,825,474,18722,,matricula,0.631615161895752,,0.0
1301,,matricula,0.4131702780723572,705,438,809,473,127,,matricula,0.4131702780723572,,0.0
1302,,matricula,0.3455287218093872,674,442,783,480,,,matricula,0.3455287218093872,,1.0
1303,,matricula,0.5469154715538025,639,449,759,501,02,,matricula,0.5469154715538025,,0.0
1304,,matricula,0.5670761466026306,606,458,726,499,,,matricula,0.5670761466026306,,1.0
1305,,matricula,0.6633297801017761,566,467,689,520,522,,matricula,0.6633297801017761,,0.0
1307,,matricula,0.4585408270359039,471,482,610,540,,,matricula,0.4585408270359039,,1.0
1308,,matricula,0.4931140542030334,412,502,552,546,,,matricula,0.4931140542030334,,1.0
1308,,matricula,0.2609286904335022,415,499,561,558,,,matricula,0.2609286904335022,,1.0
1309,,matricula,0.2671696543693542,342,508,490,570,,,matricula,0.2671696543693542,,1.0
1311,,matricula,0.3617918491363525,177,546,345,623,,,matricula,0.3617918491363525,,1.0
1352,,matricula,0.3287137448787689,862,386,934,434,4[202127iX,,matricula,0.3287137448787689,,0.0
1358,,matricula,0.7373320460319519,754,419,846,462,=12@ZTE,,matricula,0.7373320460319519,,0.0
1359,,matricula,0.7510860562324524,738,433,818,472,2227'21EFEÑ,,matricula,0.7510860562324524,,0.0
1359,,matricula,0.3595314621925354,730,429,834,480,,,matricula,0.3595314621925354,,1.0
1360,,matricula,0.6816928386688232,706,422,803,476,=cfl)12,,matricula,0.6816928386688232,,0.0
1361,,matricula,0.6766215562820435,686,447,777,485,J22FE,,matricula,0.6766215562820435,,0.0
1361,,matricula,0.402077317237854,687,434,779,493,,,matricula,0.402077317237854,,1.0
1362,,matricula,0.721856415271759,654,448,754,492,=5249122FE,,matricula,0.721856415271759,TFIE,0.2857142857142857
1362,,matricula,0.3533631563186645,656,435,756,498,,,matricula,0.3533631563186645,,1.0
1363,,matricula,0.7294185757637024,622,457,723,498,2=27Z2,,matricula,0.7294185757637024,,0.0
1364,,matricula,0.6891728639602661,589,472,694,507,"122""",,matricula,0.6891728639602661,,0.0
1365,,matricula,0.639879047870636,555,478,660,520,,,matricula,0.639879047870636,,1.0
1366,,matricula,0.6146933436393738,508,478,627,525,22,,matricula,0.6146933436393738,,0.0
1367,,matricula,0.5459192395210266,464,496,590,538,23,,matricula,0.5459192395210266,,0.0
1368,,matricula,0.626415491104126,421,509,539,547,,,matricula,0.626415491104126,,1.0
1369,,matricula,0.5227258801460266,359,522,494,569,ES1,,matricula,0.5227258801460266,,0.0
1370,,matricula,0.3980553150177002,296,532,438,587,,,matricula,0.3980553150177002,,1.0
1371,,matricula,0.5505946278572083,225,551,370,601,,,matricula,0.5505946278572083,,1.0
1372,,matricula,0.6357420086860657,134,570,288,624,,,matricula,0.6357420086860657,,1.0
1374,,matricula,0.4993180930614471,0,617,93,688,,,matricula,0.4993180930614471,,1.0
1407,,matricula,0.2558655440807342,1846,448,1919,486,,,matricula,0.2558655440807342,,1.0
1411,,matricula,0.3618233501911163,1796,436,1859,463,1~2-,,matricula,0.3618233501911163,,0.0
1412,,matricula,0.3460022211074829,1775,432,1853,464,22l,,matricula,0.3460022211074829,,0.0
1413,,matricula,0.477548211812973,1756,430,1836,462,'2222,,matricula,0.477548211812973,,0.0
1413,,matricula,0.2897065877914428,1738,424,1839,462,,,matricula,0.2897065877914428,,1.0
1416,,matricula,0.4745235741138458,1713,421,1784,445,42252,,matricula,0.4745235741138458,,0.0
1417,,matricula,0.3749105930328369,1704,422,1767,447,1286-zG,,matricula,0.3749105930328369,,0.0
1418,,matricula,0.405294269323349,818,432,902,459,gi2SDC,,matricula,0.405294269323349,FFLOFT,0.0
1418,,matricula,0.301628977060318,1688,424,1753,445,22212,,matricula,0.301628977060318,,0.0
1418,,matricula,0.2740780711174011,1680,423,1742,444,,,matricula,0.2740780711174011,,1.0
1419,,matricula,0.5112144947052002,1675,419,1741,443,L25=r,,matricula,0.5112144947052002,,0.0
1420,,matricula,0.4727758169174194,1661,417,1733,444,4216 Z,,matricula,0.4727758169174194,,0.0
1420,,matricula,0.3033972978591919,771,439,861,464,1sisDT,,matricula,0.3033972978591919,SA,0.0
1421,,matricula,0.4166781902313232,1651,415,1715,442,S2EF3,,matricula,0.4166781902313232,,0.0
1422,,matricula,0.6611308455467224,727,454,820,484,197231?,,matricula,0.6611308455467224,,0.0
1423,,matricula,0.6025054454803467,695,459,792,488,1165s,,matricula,0.6025054454803467,,0.0
1423,,matricula,0.3273481130599975,1630,408,1694,438,45 ;,,matricula,0.3273481130599975,,0.0
1424,,matricula,0.2611555159091949,665,469,763,497,,,matricula,0.2611555159091949,,1.0
1425,,matricula,0.3653253614902496,633,479,746,508,,,matricula,0.3653253614902496,,1.0
1428,,matricula,0.3456574976444244,1571,395,1644,430,8215521,,matricula,0.3456574976444244,,0.0
1428,,matricula,0.3369366526603699,527,511,641,539,,,matricula,0.3369366526603699,,1.0
1428,,matricula,0.3227714896202087,1558,387,1647,435,,,matricula,0.3227714896202087,,1.0
1429,,matricula,0.2800220549106598,487,527,601,559,,,matricula,0.2800220549106598,,1.0
1432,,matricula,0.2879689931869507,285,577,431,612,12,,matricula,0.2879689931869507,,0.0
1457,,matricula,0.5909607410430908,1287,407,1362,440,@053 FFu,,matricula,0.5909607410430908,,0.0
1458,,matricula,0.7679457664489746,1289,412,1371,443,10053 JFL,,matricula,0.7679457664489746,10053TE,0.625
1459,,matricula,0.3592825531959533,1302,413,1373,438,1'00533JFF,,matricula,0.3592825531959533,,0.0
1460,,matricula,0.4354311823844909,1317,418,1386,444,310053 JF1,,matricula,0.4354311823844909,100S3JEUP,0.5263157894736842
1461,,matricula,0.5930089354515076,1326,422,1396,448,52055 5Fv,,matricula,0.5930089354515076,,0.0
1462,,matricula,0.3632758557796478,1332,426,1410,459,0055 Fy_,,matricula,0.3632758557796478,,0.0
1463,,matricula,0.7133896946907043,1336,428,1424,464,153 JFx,,matricula,0.7133896946907043,,0.0
1464,,matricula,0.7167779207229614,1351,429,1446,468,20655 JFy,,matricula,0.7167779207229614,SZE,0.0
1465,,matricula,0.7527552247047424,1362,437,1453,476,@855 7,,matricula,0.7527552247047424,,0.0
1466,,matricula,0.7020225524902344,1379,440,1474,479,62056,,matricula,0.7020225524902344,,0.0
1467,,matricula,0.6826650500297546,1400,448,1493,484,4725,,matricula,0.6826650500297546,,0.0
1468,,matricula,0.7308250665664673,1416,454,1510,495,422571,,matricula,0.7308250665664673,,0.0
1469,,matricula,0.7813394665718079,1434,462,1533,498,,,matricula,0.7813394665718079,,1.0
1470,,matricula,0.870746374130249,1459,466,1561,505,5557,,matricula,0.870746374130249,,0.0
1471,,matricula,0.6504328846931458,1482,477,1585,522,3055 2,,matricula,0.6504328846931458,,0.0
1472,,matricula,0.7413864731788635,1506,484,1619,524,2338,,matricula,0.7413864731788635,,0.0
1473,,matricula,0.7824466228485107,1541,496,1652,539,,,matricula,0.7824466228485107,,1.0
1474,,matricula,0.6575654745101929,1573,503,1692,547,{79,,matricula,0.6575654745101929,,0.0
1475,,matricula,0.7222850918769836,1612,512,1740,568,,,matricula,0.7222850918769836,,1.0
1476,,matricula,0.7140040993690491,1655,526,1787,574,470,,matricula,0.7140040993690491,,0.0
1477,,matricula,0.5798707008361816,1704,547,1848,597,0SSE,,matricula,0.5798707008361816,,0.0
1478,,matricula,0.3363963961601257,1765,558,1917,626,,,matricula,0.3363963961601257,,1.0
1479,,matricula,0.5549649000167847,1841,588,1919,638,,,matricula,0.5549649000167847,,1.0
1563,,matricula,0.3733716607093811,1333,423,1421,457,[9Z8SFx7F,,matricula,0.3733716607093811,,0.0
1565,,matricula,0.4744473695755005,1362,433,1444,462,'J02S5FKZE,,matricula,0.4744473695755005,,0.0
1566,,matricula,0.4503810703754425,1373,442,1452,468,12552777,,matricula,0.4503810703754425,,0.0
1567,,matricula,0.4203957915306091,1392,446,1472,469,40285277,,matricula,0.4203957915306091,,0.0
1567,,matricula,0.2514165341854095,1390,448,1467,477,,,matricula,0.2514165341854095,,1.0
1568,,matricula,0.610971987247467,1396,449,1487,483,102555Z,,matricula,0.610971987247467,,0.0
1568,,matricula,0.3904351890087127,1395,443,1482,492,,,matricula,0.3904351890087127,,1.0
1569,,matricula,0.5116384625434875,1412,453,1509,484,1257127,,matricula,0.5116384625434875,,0.0
1570,,matricula,0.5218945145606995,1427,465,1523,493,8022222,,matricula,0.5218945145606995,,0.0
1571,,matricula,0.6308434009552002,1437,465,1542,495,025522,,matricula,0.6308434009552002,,0.0
1572,,matricula,0.6140309572219849,1471,473,1569,504,02522,,matricula,0.6140309572219849,,0.0
1573,,matricula,0.6820110082626343,1490,479,1590,511,"""22",,matricula,0.6820110082626343,,0.0
1574,,matricula,0.6454010605812073,1515,486,1618,517,58=,,matricula,0.6454010605812073,,0.0
1575,,matricula,0.5058707594871521,1550,498,1643,529,,,matricula,0.5058707594871521,,1.0
1575,,matricula,0.3264639973640442,1541,491,1647,532,,,matricula,0.3264639973640442,TPSI,0.0
1576,,matricula,0.7563437223434448,1575,505,1673,537,,,matricula,0.7563437223434448,,1.0
1577,,matricula,0.7201255559921265,1603,512,1717,548,432,,matricula,0.7201255559921265,,0.0
1578,,matricula,0.7110068202018738,1646,525,1756,560,883,,matricula,0.7110068202018738,,0.0
1578,,matricula,0.3193080127239227,1640,524,1762,574,,,matricula,0.3193080127239227,,1.0
1579,,matricula,0.642357349395752,1680,530,1791,569,,,matricula,0.642357349395752,,1.0
1579,,matricula,0.3141838908195495,1671,528,1799,577,,,matricula,0.3141838908195495,,1.0
1580,,matricula,0.3329124748706817,1719,547,1839,587,,,matricula,0.3329124748706817,,1.0
1581,,matricula,0.3232782781124115,1774,562,1903,601,,,matricula,0.3232782781124115,,1.0
1582,,matricula,0.255459725856781,1802,571,1919,618,,,matricula,0.255459725856781,,1.0
1642,,matricula,0.4660869240760803,836,406,935,437,02F7,,matricula,0.4660869240760803,252779,0.4
1642,,matricula,0.2753667533397674,831,399,943,444,,,matricula,0.2753667533397674,,1.0
1643,,matricula,0.4788082242012024,823,407,907,438,252701,,matricula,0.4788082242012024,7,0.2857142857142857
1643,,matricula,0.324268102645874,813,401,913,440,,,matricula,0.324268102645874,,1.0
1644,,matricula,0.2781385481357574,807,413,892,446,(32fo,,matricula,0.2781385481357574,KS,0.0
1646,,matricula,0.5219763517379761,755,416,859,459,53aft1,,matricula,0.5219763517379761,,0.2222222222222222
1647,,matricula,0.706147313117981,732,427,832,471,5f5),,matricula,0.706147313117981,,0.0
1648,,matricula,0.6189968585968018,710,433,807,467,R2f5,,matricula,0.6189968585968018,,0.0
1649,,matricula,0.6496593356132507,678,436,778,477,E7,,matricula,0.6496593356132507,,0.0
1650,,matricula,0.642817497253418,638,435,756,493,522F5,,matricula,0.642817497253418,,0.0
1651,,matricula,0.5728569626808167,603,447,717,493,22F5,,matricula,0.5728569626808167,,0.0
1651,,matricula,0.3725144267082214,604,436,728,488,=,,matricula,0.3725144267082214,A,0.0
1652,,matricula,0.719264030456543,564,465,686,508,125,,matricula,0.719264030456543,,0.0
1653,,matricula,0.6559008955955505,513,457,642,520,152=,,matricula,0.6559008955955505,,0.0
1654,,matricula,0.4431878328323364,462,481,598,538,17,,matricula,0.4431878328323364,,0.0
1655,,matricula,0.383790373802185,403,477,541,542,,,matricula,0.383790373802185,,1.0
1656,,matricula,0.2669165432453155,332,527,479,573,5,,matricula,0.2669165432453155,,0.0
1657,,matricula,0.4141880571842193,247,552,404,596,,,matricula,0.4141880571842193,,1.0
1670,,matricula,0.2531032562255859,1355,429,1437,464,"113685 KIv2""1f2s++750Zi1_4213",,matricula,0.2531032562255859,,0.0
1671,,matricula,0.5041936635971069,1373,429,1448,465,[3685Kúv,,matricula,0.5041936635971069,,0.0
1672,,matricula,0.3625078201293945,1381,432,1462,467,J368SKux,,matricula,0.3625078201293945,,0.0
1673,,matricula,0.5253612399101257,1385,436,1475,476,13685 KIV_,,matricula,0.5253612399101257,,0.0
1675,,matricula,0.6455057263374329,1408,443,1503,487,[3685X6v,,matricula,0.6455057263374329,,0.0
1676,,matricula,0.7059630155563354,1421,451,1519,488,13685 KIN,,matricula,0.7059630155563354,,0.0
1676,,matricula,0.3796813189983368,1423,443,1517,494,,,matricula,0.3796813189983368,,1.0
1677,,matricula,0.6342294812202454,1437,452,1537,499,[5685Kix,,matricula,0.6342294812202454,,0.0
1678,,matricula,0.6724522709846497,1458,465,1553,501,83685 T7v,,matricula,0.6724522709846497,,0.0
1679,,matricula,0.7400199174880981,1471,466,1573,507,[55Tzk,,matricula,0.7400199174880981,,0.0
1680,,matricula,0.7054625153541565,1494,478,1588,513,{682I2,,matricula,0.7054625153541565,,0.0
1681,,matricula,0.7186751961708069,1499,480,1611,519,[54:,,matricula,0.7186751961708069,,0.0
1682,,matricula,0.6088839173316956,1530,490,1646,534,RS47,,matricula,0.6088839173316956,,0.0
1683,,matricula,0.6379655003547668,1554,502,1673,539,435tT7,,matricula,0.6379655003547668,,0.0
1683,,matricula,0.3846884071826935,1549,497,1675,546,,,matricula,0.3846884071826935,,1.0
1684,,matricula,0.7216284871101379,1579,507,1700,548,sIX,,matricula,0.7216284871101379,,0.0
1684,,matricula,0.3111193776130676,1575,498,1706,553,,,matricula,0.3111193776130676,,1.0
1685,,matricula,0.722835123538971,1614,521,1735,559,SI%,,matricula,0.722835123538971,,0.0
1686,,matricula,0.6954877376556396,1642,527,1769,570,#I,,matricula,0.6954877376556396,,0.0
1687,,matricula,0.65687495470047,1675,533,1815,590,{TE,,matricula,0.65687495470047,,0.0
1688,,matricula,0.6255254745483398,1713,550,1851,598,,,matricula,0.6255254745483398,,1.0
1689,,matricula,0.6546525359153748,1759,565,1911,623,,,matricula,0.6546525359153748,,1.0
1689,,matricula,0.4595251679420471,1758,559,1918,641,,,matricula,0.4595251679420471,,1.0
1690,,matricula,0.6835908889770508,1810,580,1920,631,,,matricula,0.6835908889770508,,1.0
1691,,matricula,0.6513527035713196,1862,598,1918,648,,,matricula,0.6513527035713196,,1.0
1691,,matricula,0.3070368468761444,1865,596,1920,661,,,matricula,0.3070368468761444,,1.0
1710,,matricula,0.4358309507369995,840,403,915,435,33STY,,matricula,0.4358309507369995,,0.0
1711,,matricula,0.4775870442390442,826,407,903,434,Ss91TY,,matricula,0.4775870442390442,,0.0
1712,,matricula,0.5760012269020081,811,407,891,436,2T,,matricula,0.5760012269020081,,0.0
1713,,matricula,0.585368275642395,785,415,874,440,Pl@T139,,matricula,0.585368275642395,,0.0
1714,,matricula,0.6110667586326599,763,421,856,443,3TTö;,,matricula,0.6110667586326599,,0.0
1715,,matricula,0.4366436004638672,742,426,842,456,@ñ,,matricula,0.4366436004638672,,0.0
1716,,matricula,0.6514425873756409,716,428,813,460,9=3=s2222T7,,matricula,0.6514425873756409,,0.0
1717,,matricula,0.5645650625228882,691,434,795,464,E507,,matricula,0.5645650625228882,,0.0
1718,,matricula,0.708905041217804,663,443,763,471,25231,,matricula,0.708905041217804,,0.0
1718,,matricula,0.4595218300819397,658,440,766,477,,,matricula,0.4595218300819397,,1.0
1719,,matricula,0.7232196927070618,631,452,743,487,52227,,matricula,0.7232196927070618,,0.0
1720,,matricula,0.7211955189704895,589,456,704,492,1221,,matricula,0.7211955189704895,,0.0
1721,,matricula,0.7093867063522339,543,464,666,502,E27,,matricula,0.7093867063522339,,0.0
1722,,matricula,0.669192373752594,503,476,629,516,223,,matricula,0.669192373752594,,0.0
1723,,matricula,0.6598917841911316,450,485,582,528,,,matricula,0.6598917841911316,,1.0
1724,,matricula,0.6723924279212952,385,500,530,546,,,matricula,0.6723924279212952,,1.0
1725,,matricula,0.6162062287330627,320,515,473,568,,,matricula,0.6162062287330627,,1.0
1726,,matricula,0.654075562953949,227,529,394,593,,,matricula,0.654075562953949,,1.0
1727,,matricula,0.310520589351654,128,556,302,609,,,matricula,0.310520589351654,,1.0
1786,,matricula,0.4666599929332733,872,411,960,440,18536TJ,,matricula,0.4666599929332733,I,0.0
1791,,matricula,0.4561372101306915,809,429,900,460,1553607,,matricula,0.4561372101306915,,0.0
1792,,matricula,0.6748327612876892,782,431,889,464,1E536L7,,matricula,0.6748327612876892,ERAN,0.18181818181818182
1793,,matricula,0.7068923711776733,767,433,869,470,E2D,,matricula,0.7068923711776733,838LKIT,0.0
1794,,matricula,0.3932441771030426,756,439,850,470,1580,,matricula,0.3932441771030426,NESZ6LKIT,0.0
1795,,matricula,0.6677006483078003,738,444,836,482,1325T,,matricula,0.6677006483078003,,0.0
1795,,matricula,0.3261316120624542,734,435,841,488,,,matricula,0.3261316120624542,LI,0.0
1796,,matricula,0.7584896683692932,705,452,815,487,"""E554.",,matricula,0.7584896683692932,,0.0
1796,,matricula,0.3818022012710571,713,437,824,493,,,matricula,0.3818022012710571,,1.0
1797,,matricula,0.8361788988113403,684,457,788,494,253857,,matricula,0.8361788988113403,,0.0
1798,,matricula,0.6757163405418396,653,458,767,497,55DT,,matricula,0.6757163405418396,,0.0
1799,,matricula,0.7043254375457764,632,470,744,509,2330I,,matricula,0.7043254375457764,,0.0
1800,,matricula,0.7545439004898071,603,478,717,516,332555),,matricula,0.7545439004898071,,0.0
1801,,matricula,0.6850690841674805,563,483,689,525,?85,,matricula,0.6850690841674805,,0.0
1802,,matricula,0.7423571944236755,530,500,648,536,335,,matricula,0.7423571944236755,,0.0
1802,,matricula,0.3421820104122162,531,495,659,543,,,matricula,0.3421820104122162,,1.0
1803,,matricula,0.6879345178604126,472,506,620,548,335,,matricula,0.6879345178604126,,0.0
1804,,matricula,0.6691117286682129,438,520,572,560,'24,,matricula,0.6691117286682129,,0.0
1805,,matricula,0.6269373297691345,373,529,530,583,44,,matricula,0.6269373297691345,,0.0
1806,,matricula,0.6648123860359192,314,549,477,596,31,,matricula,0.6648123860359192,,0.0
1807,,matricula,0.7103369832038879,249,560,415,621,,,matricula,0.7103369832038879,,1.0
1808,,matricula,0.6913045048713684,174,579,351,645,,,matricula,0.6913045048713684,,1.0
1809,,matricula,0.6695325970649719,75,592,267,673,,,matricula,0.6695325970649719,,1.0
1821,,matricula,0.3292844593524933,1,150,565,1019,,,matricula,0.3292844593524933,,1.0
1899,,matricula,0.2540561556816101,1867,477,1920,553,,,matricula,0.2540561556816101,,1.0
1910,,matricula,0.3263666033744812,1746,423,1821,445,2222,,matricula,0.3263666033744812,,0.0
1919,,matricula,0.6462145447731018,878,407,967,438,'3ESSLR,,matricula,0.6462145447731018,,0.0
1920,,matricula,0.6541641354560852,871,410,946,438,'1,,matricula,0.6541641354560852,,0.0
1920,,matricula,0.3356415927410126,860,409,960,441,,,matricula,0.3356415927410126,,1.0
1921,,matricula,0.6752266883850098,856,415,932,442,3E5817,,matricula,0.6752266883850098,,0.0
1922,,matricula,0.628459095954895,833,419,919,448,4221,,matricula,0.628459095954895,,0.0
1923,,matricula,0.3372160196304321,818,426,884,447,4651),,matricula,0.3372160196304321,,0.0
1924,,matricula,0.5764862895011902,786,431,891,469,4855D3,,matricula,0.5764862895011902,,0.0
1924,,matricula,0.452111154794693,795,428,885,462,,,matricula,0.452111154794693,,1.0
1925,,matricula,0.7057070136070251,770,434,868,470,5327a,,matricula,0.7057070136070251,,0.25
1926,,matricula,0.7555766105651855,749,438,846,472,228,,matricula,0.7555766105651855,,0.0
1927,,matricula,0.5952154994010925,717,446,819,481,500,,matricula,0.5952154994010925,,0.0
1928,,matricula,0.7062600255012512,685,453,797,494,4E17,,matricula,0.7062600255012512,,0.0
1929,,matricula,0.7179841995239258,655,462,769,499,ES=,,matricula,0.7179841995239258,,0.0
1929,,matricula,0.3774667978286743,657,458,767,511,,,matricula,0.3774667978286743,LC,0.0
1930,,matricula,0.6911929249763489,616,477,739,515,22,,matricula,0.6911929249763489,,0.0
1931,,matricula,0.5874759554862976,571,479,703,524,102,,matricula,0.5874759554862976,,0.0
1932,,matricula,0.6803408265113831,531,495,658,537,452,,matricula,0.6803408265113831,,0.0
1933,,matricula,0.6150902509689331,471,505,608,555,El,,matricula,0.6150902509689331,,0.0
1934,,matricula,0.6592788696289062,413,527,554,567,,,matricula,0.6592788696289062,,1.0
1935,,matricula,0.4693862795829773,338,549,489,587,,,matricula,0.4693862795829773,,1.0
1936,,matricula,0.3261159062385559,251,571,414,614,,,matricula,0.3261159062385559,,1.0
1937,,matricula,0.4402618408203125,136,599,320,649,,,matricula,0.4402618408203125,,1.0
1939,,matricula,0.2768531739711761,0,675,62,735,,,matricula,0.2768531739711761,,1.0
2120,,matricula,0.3072302341461181,856,409,924,434,1770 JYG,,matricula,0.3072302341461181,,0.0
2121,,matricula,0.5780922174453735,841,408,912,434,177O JYG,,matricula,0.5780922174453735,,0.0
2122,,matricula,0.6667994260787964,830,412,901,434,1770 JYG,,matricula,0.6667994260787964,,0.0
2122,,matricula,0.4302333891391754,815,407,911,434,,,matricula,0.4302333891391754,,1.0
2122,,matricula,0.2975498735904693,817,395,906,432,,,matricula,0.2975498735904693,,1.0
2123,,matricula,0.5574836134910583,815,411,891,436,64770DY,,matricula,0.5574836134910583,,0.0
2124,,matricula,0.7249820828437805,796,423,890,445,01770*Y;,,matricula,0.7249820828437805,,0.0
2124,,matricula,0.3244383335113525,793,422,883,440,,,matricula,0.3244383335113525,,1.0
2125,,matricula,0.7755832076072693,789,422,872,446,81770YG,,matricula,0.7755832076072693,,0.0
2127,,matricula,0.4212376773357391,762,429,857,458,81770*YG,,matricula,0.4212376773357391,,0.0
2128,,matricula,0.6851024627685547,741,431,839,460,01770 JyG,,matricula,0.6851024627685547,770JY6,0.5333333333333333
2129,,matricula,0.6211313605308533,732,431,823,464,01770JYG,,matricula,0.6211313605308533,EON,0.0
2130,,matricula,0.5084251761436462,706,438,800,465,67716,,matricula,0.5084251761436462,,0.0
2131,,matricula,0.688406229019165,695,441,796,472,41770 JYG,,matricula,0.688406229019165,F70TE,0.2857142857142857
2132,,matricula,0.749566912651062,672,451,774,480,417705Y;,,matricula,0.749566912651062,,0.0
2132,,matricula,0.4254567325115204,670,441,768,482,~eseyLE1,,matricula,0.4254567325115204,,0.0
2133,,matricula,0.7088306546211243,641,454,758,484,81770JY@,,matricula,0.7088306546211243,,0.0
2134,,matricula,0.7907396554946899,630,455,745,493,80770570,,matricula,0.7907396554946899,,0.0
2135,,matricula,0.7811046838760376,596,455,725,498,@7,,matricula,0.7811046838760376,,0.0
2136,,matricula,0.7491074800491333,581,468,699,505,07751,,matricula,0.7491074800491333,,0.0
2137,,matricula,0.751312792301178,549,471,676,508,HiJzJYA,,matricula,0.751312792301178,,0.0
2138,,matricula,0.8006637096405029,516,482,652,524,@i7oJe,,matricula,0.8006637096405029,,0.0
2139,,matricula,0.6310904026031494,480,487,619,530,1i77oJiT,,matricula,0.6310904026031494,,0.0
2140,,matricula,0.7188899517059326,450,499,588,539,@i770JC,,matricula,0.7188899517059326,,0.0
2141,,matricula,0.697007417678833,410,509,557,550,41770 JT,,matricula,0.697007417678833,,0.0
2142,,matricula,0.7330332398414612,365,517,521,560,EiT7xe,,matricula,0.7330332398414612,,0.0
2143,,matricula,0.6434721350669861,318,528,477,573,@775578,,matricula,0.6434721350669861,,0.0
2144,,matricula,0.66487717628479,269,544,432,589,11552,,matricula,0.66487717628479,,0.0
2145,,matricula,0.677914559841156,207,555,379,602,5652,,matricula,0.677914559841156,,0.0
2146,,matricula,0.6141669154167175,146,568,316,620,0735k2,,matricula,0.6141669154167175,,0.0
2147,,matricula,0.6033743023872375,62,584,257,643,SlJ32k,,matricula,0.6033743023872375,,0.0
2148,,matricula,0.4777151346206665,18,603,182,669,,,matricula,0.4777151346206665,,1.0
2149,,matricula,0.3734136819839477,1,635,98,693,,,matricula,0.3734136819839477,,1.0
2340,,matricula,0.28831347823143,774,411,859,437,J2023 Jxu,,matricula,0.28831347823143,6693J,0.14285714285714285
2344,,matricula,0.2900125086307525,686,421,796,454,420gê Jxi,,matricula,0.2900125086307525,W0I,0.16666666666666666
2348,,matricula,0.366494745016098,626,433,723,468,22093 Jk4i,,matricula,0.366494745016098,,0.0
2349,,matricula,0.5712785124778748,601,436,707,473,"4o257ui""",,matricula,0.5712785124778748,,0.0
2350,,matricula,0.746955156326294,585,441,685,474,1o28 51V',,matricula,0.746955156326294,4A036,0.0
2351,,matricula,0.5566895604133606,561,448,643,477,2022 5k1,,matricula,0.5566895604133606,,0.0
2351,,matricula,0.2553487420082092,552,441,655,483,,,matricula,0.2553487420082092,,1.0
2352,,matricula,0.5388463735580444,526,457,625,485,12o2 JII,,matricula,0.5388463735580444,,0.0
2353,,matricula,0.3964169919490814,479,456,601,496,E23J74,,matricula,0.3964169919490814,,0.0
2353,,matricula,0.2637358605861664,495,463,589,493,,,matricula,0.2637358605861664,,1.0
2354,,matricula,0.6363986134529114,461,472,561,503,15a,,matricula,0.6363986134529114,22522,0.25
2354,,matricula,0.3417682647705078,452,467,566,507,,,matricula,0.3417682647705078,,1.0
2355,,matricula,0.5185800194740295,419,475,527,510,12Jh,,matricula,0.5185800194740295,,0.0
2356,,matricula,0.6912729144096375,364,479,492,528,35{,,matricula,0.6912729144096375,,0.0
2358,,matricula,0.6924892663955688,266,504,394,551,168_,,matricula,0.6924892663955688,,0.0
2359,,matricula,0.5518360137939453,202,521,339,565,,,matricula,0.5518360137939453,,1.0
2360,,matricula,0.5318108797073364,118,534,273,580,5399,,matricula,0.5318108797073364,,0.0
2459,,matricula,0.4200445115566253,1773,410,1871,442,L,,matricula,0.4200445115566253,,0.0
2460,,matricula,0.3665097653865814,1754,410,1834,437,,,matricula,0.3665097653865814,,1.0
2504,,matricula,0.2551969885826111,1823,398,1903,424,{si2sLc,,matricula,0.2551969885826111,,0.0
2529,,matricula,0.4951106309890747,1550,362,1616,390,JEES(z,,matricula,0.4951106309890747,,0.0
2608,,matricula,0.5733429789543152,1270,430,1335,463,I 2965 KBF,,matricula,0.5733429789543152,,0.0
2609,,matricula,0.5389457941055298,1264,431,1349,472,10 1965 KBP,,matricula,0.5389457941055298,,0.0
2610,,matricula,0.3806407749652862,1276,436,1345,474,51196518DF,,matricula,0.3806407749652862,,0.0
2613,,matricula,0.6827893853187561,1282,447,1362,479,9 1965 KIP,,matricula,0.6827893853187561,,0.0
2613,,matricula,0.3067425787448883,1275,436,1365,480,,,matricula,0.3067425787448883,,1.0
2614,,matricula,0.6698154807090759,1295,452,1365,482,J0g65*PP,,matricula,0.6698154807090759,,0.0
2614,,matricula,0.3607320189476013,1275,442,1366,484,,,matricula,0.3607320189476013,,1.0
2615,,matricula,0.7380607724189758,1286,453,1368,487,81965 KBF,,matricula,0.7380607724189758,,0.0
2616,,matricula,0.7671203017234802,1291,456,1381,497,10 1965 XBP,,matricula,0.7671203017234802,,0.0
2617,,matricula,0.6809979677200317,1300,460,1383,498,307965 KBP,,matricula,0.6809979677200317,,0.0
2618,,matricula,0.7350254654884338,1307,462,1396,502,201965K8P,,matricula,0.7350254654884338,,0.0
2619,,matricula,0.8472886085510254,1318,466,1396,502,0.1965 KBP,,matricula,0.8472886085510254,,0.0
2620,,matricula,0.6945822834968567,1316,477,1410,512,19.1965 KBP,,matricula,0.6945822834968567,,0.0
2621,,matricula,0.7805461883544922,1324,477,1420,523,[041965 KBP,,matricula,0.7805461883544922,,0.0
2622,,matricula,0.7156518697738647,1333,482,1431,521,177965 KBP,,matricula,0.7156518697738647,,0.0
2623,,matricula,0.6692491769790649,1341,481,1440,524,81965 KBP,,matricula,0.6692491769790649,,0.0
2624,,matricula,0.666701078414917,1353,489,1454,533,1965 KBP,,matricula,0.666701078414917,,0.0
2625,,matricula,0.797290027141571,1358,503,1468,547,14.1965 XBP,,matricula,0.797290027141571,,0.0
2626,,matricula,0.7817562222480774,1377,511,1485,551,587965 KBP,,matricula,0.7817562222480774,,0.0
2627,,matricula,0.8128735423088074,1397,521,1502,556,11 1965 KBP,,matricula,0.8128735423088074,,0.0
2628,,matricula,0.849287748336792,1405,530,1515,572,8 7965 KBP,,matricula,0.849287748336792,,0.0
2629,,matricula,0.7188828587532043,1425,536,1536,577,07965 KBP,,matricula,0.7188828587532043,,0.0
2630,,matricula,0.7793852686882019,1445,548,1559,588,17965 KBP,,matricula,0.7793852686882019,,0.0
2631,,matricula,0.8514084219932556,1461,557,1586,599,07965 KBP,,matricula,0.8514084219932556,,0.0
2632,,matricula,0.7770252227783203,1485,567,1612,609,41965 KBP,,matricula,0.7770252227783203,,0.0
2633,,matricula,0.7533755898475647,1509,580,1642,622,4 1965 KBP,,matricula,0.7533755898475647,,0.0
2634,,matricula,0.6755507588386536,1537,591,1672,633,17965 KBP,,matricula,0.6755507588386536,,0.0
2635,,matricula,0.7925269603729248,1574,608,1709,648,61965X66,,matricula,0.7925269603729248,,0.0
2636,,matricula,0.6770516633987427,1605,622,1747,669,519S58S5,,matricula,0.6770516633987427,,0.0
2637,,matricula,0.6476434469223022,1644,636,1794,683,4i98572,,matricula,0.6476434469223022,,0.0
2638,,matricula,0.5896902680397034,1688,658,1858,704,07522,,matricula,0.5896902680397034,,0.0
2639,,matricula,0.7076932191848755,1741,677,1917,728,48R5,,matricula,0.7076932191848755,,0.0
2640,,matricula,0.6499668955802917,1793,702,1920,751,,,matricula,0.6499668955802917,,1.0
2641,,matricula,0.5882344245910645,1855,724,1919,777,,,matricula,0.5882344245910645,,1.0
2689,,matricula,0.3459515273571014,1767,393,1831,417,4207F,,matricula,0.3459515273571014,,0.0
2697,,matricula,0.3382149934768677,1672,377,1736,399,45017,,matricula,0.3382149934768677,,0.0
